<?xml version="1.0" encoding="UTF-8" ?>
<!DOCTYPE mapper PUBLIC "-//mybatis.org//DTD Mapper 3.0//EN" "http://mybatis.org/dtd/mybatis-3-mapper.dtd" >
<mapper namespace="com.wyz.mapper.UserInfoMapper" >
  <resultMap id="BaseResultMap" type="com.wyz.po.UserInfo" >
    <id column="user_number" property="userNumber" jdbcType="VARCHAR" />
    <result column="user_name" property="userName" jdbcType="VARCHAR" />
    <result column="user_pw" property="userPw" jdbcType="VARCHAR" />
    <result column="user_type" property="userType" jdbcType="VARCHAR" />
  </resultMap>
  
  
  
  
  <sql id="Base_Column_List" >
    user_number, user_name, user_pw, user_type
  </sql>
  <select id="selectByPrimaryKey" resultMap="BaseResultMap" parameterType="java.lang.String" >
    select 
    <include refid="Base_Column_List" />
    from user_info
    where user_number = #{userNumber,jdbcType=VARCHAR}
  </select>
  
</mapper>